# 15N-1H RDC data for 2KZV (CvR118A, BMRB 17020)
# Source: Li, Spaman, Tejero, Montelione et al. (2023) PMID 37257257
#         Data provided by Roberto Tejero, RPI
# Columns: res_id  res_name  rdc_hz  err_hz
#
# Medium: PEG (polyethylene glycol)
# Table 5 benchmark: AF2 Q=0.35 (0.24 excl. outliers) → NMR Q=0.36 (0.20 excl.)
# Known outliers: Thr14 (D=+11.350 Hz), Ser54 (D=+3.713 Hz) — dynamic residues
# Error: 0.418 Hz (from DC/CYANA files; Xplor uses 2.418 Hz, likely different convention)
#
12	MET	-2.526	0.418
14	THR	11.350	0.418
15	SER	-0.433	0.418
16	ALA	-4.224	0.418
18	GLU	0.747	0.418
19	ALA	-4.334	0.418
22	ARG	-8.860	0.418
25	GLY	-8.005	0.418
26	TRP	-1.762	0.418
27	ALA	-4.005	0.418
28	GLU	-6.993	0.418
29	LEU	-4.783	0.418
30	SER	1.880	0.418
31	ALA	-6.730	0.418
32	VAL	-2.376	0.418
34	SER	-4.177	0.418
35	TYR	-8.073	0.418
37	ALA	0.742	0.418
38	LYS	-4.029	0.418
42	SER	7.320	0.418
43	PHE	-6.567	0.418
44	ASP	2.717	0.418
46	ARG	-2.909	0.418
47	ASN	-5.216	0.418
49	GLY	-5.690	0.418
51	GLY	-6.121	0.418
54	SER	3.713	0.418
56	MET	-0.303	0.418
58	LYS	4.114	0.418
59	LYS	-5.895	0.418
60	LEU	9.805	0.418
63	LEU	-7.146	0.418
65	VAL	-11.309	0.418
66	GLN	-12.832	0.418
67	GLU	-9.529	0.418
68	SER	-9.721	0.418
72	SER	-1.569	0.418
73	LYS	-3.762	0.418
76	SER	-8.491	0.418
77	GLU	-10.088	0.418
78	ILE	-11.872	0.418
82	HIS	-1.791	0.418
